Username,Repository Name,Stars,Forks,Open Issues,Last Commit Date
rustybuddha,algobtcx,0,0,0,2017-02-12
rustybuddha,ChainBet,1,0,0,2023-11-20
rustybuddha,dev-stack,0,0,0,2018-01-24
rustybuddha,DigiCon,0,0,0,2019-03-25
rustybuddha,EthPhoto-Integrated,0,0,0,2017-05-03
rustybuddha,ID-group,0,2,1,2024-12-11
rustybuddha,LemonTours-TEMP,0,0,0,2024-11-08
rustybuddha,llforth,1,0,0,2023-11-20
rustybuddha,meetups-kgp,0,0,0,2018-01-10
rustybuddha,parkast,0,0,0,2017-02-12
rustybuddha,rustybuddha,1,0,0,2023-11-20
rustybuddha,sveltekit-fullstack-demo,0,19,0,2024-07-11
rustybuddha,TCL-Academy,1,2,5,2024-12-11
rustybuddha,visualbtcx,0,0,1,2020-01-03
shivamani-yamana,github-analizer,0,0,0,2024-12-11
shivamani-yamana,gpt4free-ts,0,0,0,2024-08-13
shivamani-yamana,ID-group,0,0,0,2024-12-11
shivamani-yamana,refresh-product,0,0,0,2023-07-23
shivamani-yamana,shivamani-yamana,0,0,0,2024-12-07
shivamani-yamana,shizen-todo,0,0,0,2024-12-03
shivamani-yamana,SHIZEN-TODO-REST-API,0,0,0,2024-12-03
shivamani-yamana,sveltekit-demo-v2,0,0,0,2024-07-02
shivamani-yamana,sveltekit-fullstack-demo,0,0,0,2024-07-14
shivamani-yamana,sveltekit-fullstack-mine,0,0,0,2024-07-07
shivamani-yamana,sveltekit-tsoc-demo,0,0,0,2024-07-01
shivamani-yamana,to-do-list-App,0,0,0,2023-07-23
zudron,apply2day,0,0,0,2024-12-05
zudron,Bikes-Sharing-Demand-Prediction,0,0,0,2024-08-31
zudron,BookRecommender,0,0,0,2024-11-18
zudron,Heart-Disease-Prediction,0,0,0,2024-11-18
zudron,test,0,0,0,2023-11-08
princekumarg,100-days-of-java,12,3,0,2024-06-20
princekumarg,ai-companion,0,0,0,2024-09-06
princekumarg,aisummerzier,0,0,0,2024-07-07
princekumarg,apihub,0,0,0,2024-08-20
princekumarg,Authencation,1,0,0,2024-04-20
princekumarg,BasicWebPages,0,0,0,2024-05-25
princekumarg,Basic_todo-zustang,0,0,0,2024-07-18
princekumarg,Blogging,0,0,0,2024-04-20
princekumarg,BloodLink_Digital_Donor_Network,0,2,0,2024-07-14
princekumarg,cal.com,0,0,0,2024-08-15
princekumarg,candly,0,0,0,2024-02-16
princekumarg,chating-app,0,0,0,2024-04-20
princekumarg,ChatingApp,0,0,0,2023-09-25
princekumarg,Coalition-Loyalty-Point-Issuance-Page-for-Brands,0,0,0,2024-07-31
princekumarg,colorpicker,0,0,0,2023-08-05
princekumarg,Developer_Helper,0,0,0,2024-09-21
princekumarg,DsaSolver,0,0,0,2024-04-19
princekumarg,EcommercBackend,0,0,0,2024-03-29
princekumarg,EmailSchedular,0,0,0,2023-07-28
princekumarg,FileAuthencation,0,0,0,2024-04-17
princekumarg,filesharingapi,0,0,0,2024-06-19
princekumarg,File_sharing-Front_end-,0,0,0,2024-06-19
princekumarg,Full-statck-devlopment,0,1,0,2023-06-24
princekumarg,GoLanguage,0,0,0,2024-02-18
princekumarg,Google_meet,0,0,0,2024-04-22
princekumarg,GoProjects,1,0,0,2024-04-30
princekumarg,healthcare-services-app,0,0,0,2024-11-29
princekumarg,JavaScripts_projects,0,0,0,2024-07-11
princekumarg,LandingPages,0,0,0,2024-07-03
princekumarg,markdownnoteapp,0,0,0,2024-08-16
